Protocollo;Gruppo;DataOraIncidente;Localizzazione1;STRADA1;Localizzazione2;STRADA2;Strada02;Chilometrica;DaSpecificare;NaturaIncidente;particolaritastrade;TipoStrada;FondoStradale;Pavimentazione;Segnaletica;CondizioneAtmosferica;Traffico;Visibilita;Illuminazione;NUM_FERITI;NUM_RISERVATA;NUM_MORTI;NUM_ILLESI;Longitudine;Latitudine;Confermato;Progressivo;TipoVeicolo;StatoVeicolo;TipoPersona;Sesso;Tipolesione;Deceduto;DecedutoDopo;CinturaCascoUtilizzato;Airbag
1783703;13;06/12/2008 19:00;Strada Urbana;VIA DELL'IDROSCALO;da specificare;;;;PROSSIMITA' VIA CARLO AVEGNO;Scontro frontale/laterale SX fra veicoli in marcia;Rettilineo;Due carreggiate;Asciutto;Asfaltata;Orizzontale;Nuvoloso;Scarso;Buona;Sufficiente;2;0;0;1;;;-1;1;Autovettura privata;In marcia / fermata / arresto;Conducente;F;Rifiuta cure immediate;0;NON DECEDUTO;Non accertato;Inesistente
1783703;13;06/12/2008 19:00;Strada Urbana;VIA DELL'IDROSCALO;da specificare;;;;PROSSIMITA' VIA CARLO AVEGNO;Scontro frontale/laterale SX fra veicoli in marcia;Rettilineo;Due carreggiate;Asciutto;Asfaltata;Orizzontale;Nuvoloso;Scarso;Buona;Sufficiente;2;0;0;1;;;-1;1;Autovettura privata;In marcia / fermata / arresto;Passeggero;F;Rifiuta cure immediate;0;NON DECEDUTO;Non accertato;Inesistente
1783703;13;06/12/2008 19:00;Strada Urbana;VIA DELL'IDROSCALO;da specificare;;;;PROSSIMITA' VIA CARLO AVEGNO;Scontro frontale/laterale SX fra veicoli in marcia;Rettilineo;Due carreggiate;Asciutto;Asfaltata;Orizzontale;Nuvoloso;Scarso;Buona;Sufficiente;2;0;0;1;;;-1;2;Autovettura privata;In marcia / fermata / arresto;Conducente;M;Illeso;0;;Non accertato;Inesistente
1783704;15;06/12/2008 05:45;Strada Urbana;VIA DELLA MAGLIANA;in prossimità;;del civico n. ;132;;Veicolo in marcia contro veicolo in sosta;Rettilineo;Una carreggiata a doppio senso;Bagnato (brina);Asfaltata;Orizzontale;Nuvoloso;Scarso;Buona;Sufficiente;0;0;0;2;;;-1;1;Autovettura privata;In marcia / fermata / arresto;Conducente;M;Illeso;0;;Non accertato;Inesistente
1783704;15;06/12/2008 05:45;Strada Urbana;VIA DELLA MAGLIANA;in prossimità;;del civico n. ;132;;Veicolo in marcia contro veicolo in sosta;Rettilineo;Una carreggiata a doppio senso;Bagnato (brina);Asfaltata;Orizzontale;Nuvoloso;Scarso;Buona;Sufficiente;0;0;0;2;;;-1;1;Autovettura privata;In marcia / fermata / arresto;Passeggero;F;Illeso;0;;Non accertato;Inesistente
1783705;15;06/12/2008 09:35;Strada Urbana;VIA AMILCARE CUCCHINI;all'intersezione con;VIA GIUSEPPE PIANIGIANI;VIA GIUSEPPE PIANIGIANI;;;Scontro frontale/laterale DX fra veicoli in marcia;Intersezione stradale segnalata;Una carreggiata a senso unico di marcia;Bagnato (umidità in atto);Asfaltata;Verticale;Nuvoloso;Scarso;Buona;Ore Diurne;0;0;0;4;;;-1;1;Autovettura privata;In marcia / fermata / arresto;Conducente;F;Illeso;0;;Utilizzato;Inesistente
1783705;15;06/12/2008 09:35;Strada Urbana;VIA AMILCARE CUCCHINI;all'intersezione con;VIA GIUSEPPE PIANIGIANI;VIA GIUSEPPE PIANIGIANI;;;Scontro frontale/laterale DX fra veicoli in marcia;Intersezione stradale segnalata;Una carreggiata a senso unico di marcia;Bagnato (umidità in atto);Asfaltata;Verticale;Nuvoloso;Scarso;Buona;Ore Diurne;0;0;0;4;;;-1;1;Autovettura privata;In marcia / fermata / arresto;Passeggero;M;Illeso;0;;Utilizzato;Inesistente
1783705;15;06/12/2008 09:35;Strada Urbana;VIA AMILCARE CUCCHINI;all'intersezione con;VIA GIUSEPPE PIANIGIANI;VIA GIUSEPPE PIANIGIANI;;;Scontro frontale/laterale DX fra veicoli in marcia;Intersezione stradale segnalata;Una carreggiata a senso unico di marcia;Bagnato (umidità in atto);Asfaltata;Verticale;Nuvoloso;Scarso;Buona;Ore Diurne;0;0;0;4;;;-1;1;Autovettura privata;In marcia / fermata / arresto;Passeggero;F;Illeso;0;;Utilizzato;Inesistente
1783705;15;06/12/2008 09:35;Strada Urbana;VIA AMILCARE CUCCHINI;all'intersezione con;VIA GIUSEPPE PIANIGIANI;VIA GIUSEPPE PIANIGIANI;;;Scontro frontale/laterale DX fra veicoli in marcia;Intersezione stradale segnalata;Una carreggiata a senso unico di marcia;Bagnato (umidità in atto);Asfaltata;Verticale;Nuvoloso;Scarso;Buona;Ore Diurne;0;0;0;4;;;-1;2;Autovettura privata;In marcia / fermata / arresto;Conducente;M;Illeso;0;;Utilizzato;Inesistente
1783706;15;06/12/2008 12:00;Strada Urbana;VIA DELLA CASETTA MATTEI;in prossimità;;del civico n. ;235;;Scontro laterale fra veicoli in marcia;Rettilineo;Una carreggiata a doppio senso;Asciutto;Asfaltata;Orizzontale;Sereno;Normale;Buona;Ore Diurne;0;0;0;3;;;-1;1;Autovettura privata;In marcia / fermata / arresto;Conducente;M;Illeso;0;;Utilizzato;Inesistente
1783706;15;06/12/2008 12:00;Strada Urbana;VIA DELLA CASETTA MATTEI;in prossimità;;del civico n. ;235;;Scontro laterale fra veicoli in marcia;Rettilineo;Una carreggiata a doppio senso;Asciutto;Asfaltata;Orizzontale;Sereno;Normale;Buona;Ore Diurne;0;0;0;3;;;-1;2;Autovettura privata;In marcia / fermata / arresto;Conducente;F;Illeso;0;;Utilizzato;Inesistente
1783706;15;06/12/2008 12:00;Strada Urbana;VIA DELLA CASETTA MATTEI;in prossimità;;del civico n. ;235;;Scontro laterale fra veicoli in marcia;Rettilineo;Una carreggiata a doppio senso;Asciutto;Asfaltata;Orizzontale;Sereno;Normale;Buona;Ore Diurne;0;0;0;3;;;-1;2;Autovettura privata;In marcia / fermata / arresto;Passeggero;F;Illeso;0;;Utilizzato;Inesistente
1783707;16;02/12/2008 15:15;Strada Urbana;PIAZZALE ENRICO DUNANT;all'intersezione con;VIA LAURA MANTEGAZZA;VIA LAURA MANTEGAZZA;;;Scontro laterale fra veicoli in marcia;Intersezione stradale segnalata;Una carreggiata a senso unico di marcia;Bagnato (pioggia);Asfaltata;Verticale ed orizzontale;Pioggia in atto;Normale;Buona;Ore Diurne;1;0;0;2;;;-1;1;Autovettura privata;In marcia / fermata / arresto;Conducente;M;Illeso;0;;Non accertato;Inesistente
1783707;16;02/12/2008 15:15;Strada Urbana;PIAZZALE ENRICO DUNANT;all'intersezione con;VIA LAURA MANTEGAZZA;VIA LAURA MANTEGAZZA;;;Scontro laterale fra veicoli in marcia;Intersezione stradale segnalata;Una carreggiata a senso unico di marcia;Bagnato (pioggia);Asfaltata;Verticale ed orizzontale;Pioggia in atto;Normale;Buona;Ore Diurne;1;0;0;2;;;-1;2;Motociclo a solo;In marcia / fermata / arresto;Conducente;M;Illeso;0;;Non accertato;Inesistente
1783707;16;02/12/2008 15:15;Strada Urbana;PIAZZALE ENRICO DUNANT;all'intersezione con;VIA LAURA MANTEGAZZA;VIA LAURA MANTEGAZZA;;;Scontro laterale fra veicoli in marcia;Intersezione stradale segnalata;Una carreggiata a senso unico di marcia;Bagnato (pioggia);Asfaltata;Verticale ed orizzontale;Pioggia in atto;Normale;Buona;Ore Diurne;1;0;0;2;;;-1;2;Motociclo a solo;In marcia / fermata / arresto;Passeggero;F;Rimandato;0;NON DECEDUTO;Non accertato;Inesistente
1783708;16;03/12/2008 00:20;Strada Urbana;VIA PORTUENSE;in prossimità;;del civico n. ;72;;Tamponamento;Rettilineo;Una carreggiata a doppio senso;Bagnato (pioggia);Asfaltata;Orizzontale;Nuvoloso;Scarso;Sufficiente;Sufficiente;2;0;0;1;;;-1;1;Autovettura privata;In marcia / fermata / arresto;Conducente;M;Rifiuta cure immediate;0;NON DECEDUTO;Non accertato;Inesistente
1783708;16;03/12/2008 00:20;Strada Urbana;VIA PORTUENSE;in prossimità;;del civico n. ;72;;Tamponamento;Rettilineo;Una carreggiata a doppio senso;Bagnato (pioggia);Asfaltata;Orizzontale;Nuvoloso;Scarso;Sufficiente;Sufficiente;2;0;0;1;;;-1;1;Autovettura privata;In marcia / fermata / arresto;Passeggero;F;Rimandato;0;NON DECEDUTO;Non accertato;Inesistente
1783708;16;03/12/2008 00:20;Strada Urbana;VIA PORTUENSE;in prossimità;;del civico n. ;72;;Tamponamento;Rettilineo;Una carreggiata a doppio senso;Bagnato (pioggia);Asfaltata;Orizzontale;Nuvoloso;Scarso;Sufficiente;Sufficiente;2;0;0;1;;;-1;3;Autovettura privata;In marcia / fermata / arresto;Conducente;M;Illeso;0;;Non accertato;Inesistente
1783709;16;03/12/2008 18:30;Strada Urbana;VIA DELLA CONSOLATA;in prossimità;;del civico n. ;9;;Scontro frontale/laterale SX fra veicoli in marcia;Rettilineo;Una carreggiata a doppio senso;Asciutto;Asfaltata;Verticale;Sereno;Normale;Buona;Sufficiente;1;0;0;1;;;-1;1;Ciclomotore;In marcia / fermata / arresto;Conducente;M;Rimandato;0;NON DECEDUTO;Non accertato;Inesistente
1783709;16;03/12/2008 18:30;Strada Urbana;VIA DELLA CONSOLATA;in prossimità;;del civico n. ;9;;Scontro frontale/laterale SX fra veicoli in marcia;Rettilineo;Una carreggiata a doppio senso;Asciutto;Asfaltata;Verticale;Sereno;Normale;Buona;Sufficiente;1;0;0;1;;;-1;2;Autovettura privata;In marcia / fermata / arresto;Conducente;M;Illeso;0;;Non accertato;Inesistente
1783710;16;04/12/2008 07:30;Strada Urbana;VIA DI BRAVA;da specificare;;;;in prossimita' di Via del Pescaccio;Infortunio per caduta del veicolo;Rettilineo;Una carreggiata a doppio senso;Bagnato (brina);Asfaltata;Orizzontale;Sereno;Normale;Buona;Ore Diurne;1;0;0;0;;;-1;1;Motociclo a solo;In marcia / fermata / arresto;Conducente;M;Rimandato;0;NON DECEDUTO;Non accertato;Inesistente
1783711;18;06/12/2008 00:20;Strada Urbana;VIA TRIONFALE;in prossimità;;del civico n. ;6686;;Scontro laterale fra veicoli in marcia;Pendenza;Una carreggiata a senso unico di marcia;Asciutto;Asfaltata;Verticale ed orizzontale;Sereno;Scarso;Sufficiente;Sufficiente;0;0;0;2;;;-1;1;Autovettura privata;In marcia / fermata / arresto;Conducente;F;Illeso;0;;Non accertato;Inesistente
1783711;18;06/12/2008 00:20;Strada Urbana;VIA TRIONFALE;in prossimità;;del civico n. ;6686;;Scontro laterale fra veicoli in marcia;Pendenza;Una carreggiata a senso unico di marcia;Asciutto;Asfaltata;Verticale ed orizzontale;Sereno;Scarso;Sufficiente;Sufficiente;0;0;0;2;;;-1;2;Autobus urbano;In marcia / fermata / arresto;Conducente;M;Illeso;0;;Non accertato;Inesistente
1783712;2;06/12/2008 17:05;Strada Urbana;CIRCONVALLAZIONE SALARIA;da specificare;;;;rampa che da Monte sacro dir. Stadio;Veicolo in marcia contro ostacolo accidentale;Curva a visuale libera;Una carreggiata a senso unico di marcia;Asciutto;Con buche;Orizzontale;Nuvoloso;Normale;Insufficiente;Insufficiente;0;0;0;1;;;-1;1;Autovettura privata;In marcia / fermata / arresto;Conducente;M;Illeso;0;;Non accertato;Inesistente
1783713;20;06/12/2008 16:00;Strada Urbana;VIA DELLA GIUSTINIANA;in prossimità;;del civico n. ;83;;Tamponamento;Rettilineo;Una carreggiata a doppio senso;Asciutto;Asfaltata;Verticale ed orizzontale;Sereno;Intenso;Sufficiente;Ore Diurne;1;0;0;1;;;-1;1;Autovettura privata;In marcia / fermata / arresto;Conducente;F;Illeso;0;;Non accertato;Inesistente
1783713;20;06/12/2008 16:00;Strada Urbana;VIA DELLA GIUSTINIANA;in prossimità;;del civico n. ;83;;Tamponamento;Rettilineo;Una carreggiata a doppio senso;Asciutto;Asfaltata;Verticale ed orizzontale;Sereno;Intenso;Sufficiente;Ore Diurne;1;0;0;1;;;-1;2;Motociclo a solo;In marcia / fermata / arresto;Conducente;F;Rimandato;0;NON DECEDUTO;Non accertato;Inesistente
1783714;20;06/12/2008 18:15;Strada Urbana;VIA RANUCCIO FARNESE;all'intersezione con;VIA DELLA FARNESINA;VIA DELLA FARNESINA;;;Veicolo in marcia contro ostacolo accidentale;Incrocio;Una carreggiata a doppio senso;Bagnato (pioggia);Asfaltata;Assente;Pioggia in atto;Scarso;Insufficiente;Insufficiente;0;0;0;1;;;-1;1;Motociclo a solo;In marcia / fermata / arresto;Conducente;M;Illeso;0;;Esente;Inesistente
1783715;20;06/12/2008 22:45;Strada Urbana;VIA DEI COLLI DELLA FARNESINA;in corrispondenza;;del palo luce n. ;5;;Scontro frontale/laterale DX fra veicoli in marcia;Rettilineo;Una carreggiata a doppio senso;Bagnato (pioggia);Asfaltata;Orizzontale;Nuvoloso;Intenso;Buona;Sufficiente;0;0;0;7;;;-1;1;Autovettura privata;In marcia / fermata / arresto;Conducente;M;Illeso;0;;Non accertato;Inesploso
1783715;20;06/12/2008 22:45;Strada Urbana;VIA DEI COLLI DELLA FARNESINA;in corrispondenza;;del palo luce n. ;5;;Scontro frontale/laterale DX fra veicoli in marcia;Rettilineo;Una carreggiata a doppio senso;Bagnato (pioggia);Asfaltata;Orizzontale;Nuvoloso;Intenso;Buona;Sufficiente;0;0;0;7;;;-1;1;Autovettura privata;In marcia / fermata / arresto;Passeggero;F;Illeso;0;;Non accertato;Inesploso
1783715;20;06/12/2008 22:45;Strada Urbana;VIA DEI COLLI DELLA FARNESINA;in corrispondenza;;del palo luce n. ;5;;Scontro frontale/laterale DX fra veicoli in marcia;Rettilineo;Una carreggiata a doppio senso;Bagnato (pioggia);Asfaltata;Orizzontale;Nuvoloso;Intenso;Buona;Sufficiente;0;0;0;7;;;-1;1;Autovettura privata;In marcia / fermata / arresto;Passeggero;F;Illeso;0;;Non accertato;Inesploso
1783715;20;06/12/2008 22:45;Strada Urbana;VIA DEI COLLI DELLA FARNESINA;in corrispondenza;;del palo luce n. ;5;;Scontro frontale/laterale DX fra veicoli in marcia;Rettilineo;Una carreggiata a doppio senso;Bagnato (pioggia);Asfaltata;Orizzontale;Nuvoloso;Intenso;Buona;Sufficiente;0;0;0;7;;;-1;2;Autovettura privata;In marcia / fermata / arresto;Conducente;M;Illeso;0;;Non accertato;Inesploso
1783715;20;06/12/2008 22:45;Strada Urbana;VIA DEI COLLI DELLA FARNESINA;in corrispondenza;;del palo luce n. ;5;;Scontro frontale/laterale DX fra veicoli in marcia;Rettilineo;Una carreggiata a doppio senso;Bagnato (pioggia);Asfaltata;Orizzontale;Nuvoloso;Intenso;Buona;Sufficiente;0;0;0;7;;;-1;2;Autovettura privata;In marcia / fermata / arresto;Passeggero;F;Illeso;0;;Non accertato;Inesploso
1783715;20;06/12/2008 22:45;Strada Urbana;VIA DEI COLLI DELLA FARNESINA;in corrispondenza;;del palo luce n. ;5;;Scontro frontale/laterale DX fra veicoli in marcia;Rettilineo;Una carreggiata a doppio senso;Bagnato (pioggia);Asfaltata;Orizzontale;Nuvoloso;Intenso;Buona;Sufficiente;0;0;0;7;;;-1;3;Autovettura privata;In marcia / fermata / arresto;Conducente;M;Illeso;0;;Non accertato;Inesploso
1783715;20;06/12/2008 22:45;Strada Urbana;VIA DEI COLLI DELLA FARNESINA;in corrispondenza;;del palo luce n. ;5;;Scontro frontale/laterale DX fra veicoli in marcia;Rettilineo;Una carreggiata a doppio senso;Bagnato (pioggia);Asfaltata;Orizzontale;Nuvoloso;Intenso;Buona;Sufficiente;0;0;0;7;;;-1;3;Autovettura privata;In marcia / fermata / arresto;Passeggero;F;Illeso;0;;Non accertato;Inesploso
1783716;20;07/12/2008 01:00;Statale entro l'abitato;VIA CASSIA;in prossimità;;del civico n. ;1167;;Veicolo in marcia contro ostacolo accidentale;Rettilineo;Una carreggiata a doppio senso;Bagnato (pioggia);Asfaltata;Orizzontale;Nuvoloso;Scarso;Buona;Sufficiente;0;0;0;2;;;-1;1;Autovettura privata;In marcia / fermata / arresto;Conducente;F;Illeso;0;;Non accertato;Inesploso
1783716;20;07/12/2008 01:00;Statale entro l'abitato;VIA CASSIA;in prossimità;;del civico n. ;1167;;Veicolo in marcia contro ostacolo accidentale;Rettilineo;Una carreggiata a doppio senso;Bagnato (pioggia);Asfaltata;Orizzontale;Nuvoloso;Scarso;Buona;Sufficiente;0;0;0;2;;;-1;1;Autovettura privata;In marcia / fermata / arresto;Passeggero;F;Illeso;0;;Non accertato;Inesploso
1783717;20;06/12/2008 09:10;Provinciale entro l'abitato;VIA TIBERINA;da specificare;;;;sotto il cavalcavia di via Flaminia;Tamponamento;Rettilineo;Una carreggiata a doppio senso;Bagnato (umidità in atto);Con buche;Orizzontale;Nuvoloso;Normale;Buona;Ore Diurne;0;0;0;2;;;-1;1;Autovettura privata;In marcia / fermata / arresto;Conducente;F;Illeso;0;;Non accertato;Inesploso
1783717;20;06/12/2008 09:10;Provinciale entro l'abitato;VIA TIBERINA;da specificare;;;;sotto il cavalcavia di via Flaminia;Tamponamento;Rettilineo;Una carreggiata a doppio senso;Bagnato (umidità in atto);Con buche;Orizzontale;Nuvoloso;Normale;Buona;Ore Diurne;0;0;0;2;;;-1;2;Motociclo a solo;In marcia / fermata / arresto;Conducente;M;Illeso;0;;Non accertato;Inesistente
1783718;20;06/12/2008 09:50;Strada Urbana;LUNGOTEVERE MARESCIALLO DIAZ;all'intersezione semaforizzata con;VIALE ANTONINO DI SAN GIULIANO;VIALE ANTONINO DI SAN GIULIANO;;;Tamponamento;Intersezione semaforizzata;Due carreggiate;Bagnato (umidità in atto);Asfaltata;Verticale ed orizzontale;Sereno;Normale;Buona;Ore Diurne;0;0;0;3;;;-1;1;Autovettura di polizia;In marcia / fermata / arresto;Conducente;M;Illeso;0;;Esente;Inesploso
1783718;20;06/12/2008 09:50;Strada Urbana;LUNGOTEVERE MARESCIALLO DIAZ;all'intersezione semaforizzata con;VIALE ANTONINO DI SAN GIULIANO;VIALE ANTONINO DI SAN GIULIANO;;;Tamponamento;Intersezione semaforizzata;Due carreggiate;Bagnato (umidità in atto);Asfaltata;Verticale ed orizzontale;Sereno;Normale;Buona;Ore Diurne;0;0;0;3;;;-1;1;Autovettura di polizia;In marcia / fermata / arresto;Passeggero;M;Illeso;0;;Esente;Inesploso
1783718;20;06/12/2008 09:50;Strada Urbana;LUNGOTEVERE MARESCIALLO DIAZ;all'intersezione semaforizzata con;VIALE ANTONINO DI SAN GIULIANO;VIALE ANTONINO DI SAN GIULIANO;;;Tamponamento;Intersezione semaforizzata;Due carreggiate;Bagnato (umidità in atto);Asfaltata;Verticale ed orizzontale;Sereno;Normale;Buona;Ore Diurne;0;0;0;3;;;-1;2;Autovettura privata;In marcia / fermata / arresto;Conducente;F;Illeso;0;;Non accertato;Inesploso
1783719;20;06/12/2008 20:15;Strada Urbana;LUNGOTEVERE MARESCIALLO CADORNA;all'intersezione semaforizzata con;PONTE DUCA D'AOSTA;PONTE DUCA D'AOSTA;;;Scontro frontale/laterale DX fra veicoli in marcia;Intersezione semaforizzata;Due carreggiate;Bagnato (pioggia);Asfaltata;Verticale ed orizzontale;Pioggia in atto;Intenso;Buona;Sufficiente;0;0;0;3;;;-1;1;Autovettura privata;In marcia / fermata / arresto;Conducente;M;Illeso;0;;Non accertato;Inesploso
1783719;20;06/12/2008 20:15;Strada Urbana;LUNGOTEVERE MARESCIALLO CADORNA;all'intersezione semaforizzata con;PONTE DUCA D'AOSTA;PONTE DUCA D'AOSTA;;;Scontro frontale/laterale DX fra veicoli in marcia;Intersezione semaforizzata;Due carreggiate;Bagnato (pioggia);Asfaltata;Verticale ed orizzontale;Pioggia in atto;Intenso;Buona;Sufficiente;0;0;0;3;;;-1;1;Autovettura privata;In marcia / fermata / arresto;Passeggero;F;Illeso;0;;Non accertato;Inesploso
1783719;20;06/12/2008 20:15;Strada Urbana;LUNGOTEVERE MARESCIALLO CADORNA;all'intersezione semaforizzata con;PONTE DUCA D'AOSTA;PONTE DUCA D'AOSTA;;;Scontro frontale/laterale DX fra veicoli in marcia;Intersezione semaforizzata;Due carreggiate;Bagnato (pioggia);Asfaltata;Verticale ed orizzontale;Pioggia in atto;Intenso;Buona;Sufficiente;0;0;0;3;;;-1;2;Autovettura privata;In marcia / fermata / arresto;Conducente;F;Illeso;0;;Non accertato;Inesploso
1783720;20;07/12/2008 06:00;Strada Urbana;VIA DELLA CAMILLUCCIA;in prossimità;;del civico n. ;697;;Veicolo in marcia contro ostacolo fisso;Curva a visuale libera;Una carreggiata a doppio senso;Bagnato (pioggia);Asfaltata;Orizzontale;Nuvoloso;Scarso;Buona;Sufficiente;1;0;0;1;;;-1;1;Autovettura privata;In marcia / fermata / arresto;Conducente;F;Illeso;0;;Non accertato;Inesistente
1783720;20;07/12/2008 06:00;Strada Urbana;VIA DELLA CAMILLUCCIA;in prossimità;;del civico n. ;697;;Veicolo in marcia contro ostacolo fisso;Curva a visuale libera;Una carreggiata a doppio senso;Bagnato (pioggia);Asfaltata;Orizzontale;Nuvoloso;Scarso;Buona;Sufficiente;1;0;0;1;;;-1;1;Autovettura privata;In marcia / fermata / arresto;Passeggero;M;Rimandato;0;NON DECEDUTO;Non accertato;Inesistente
1783724;5;01/12/2008 09:20;Strada Urbana;VIA MONTECASSIANO;in prossimità;;del civico n. ;126;;Scontro frontale fra veicoli in marcia;Rettilineo;Due carreggiate;Bagnato (pioggia);Asfaltata;Verticale ed orizzontale;Nuvoloso;Scarso;Buona;Ore Diurne;0;0;0;2;;;-1;1;Autovettura privata;In marcia / fermata / arresto;Conducente;F;Illeso;0;;Utilizzato;Inesistente
1783724;5;01/12/2008 09:20;Strada Urbana;VIA MONTECASSIANO;in prossimità;;del civico n. ;126;;Scontro frontale fra veicoli in marcia;Rettilineo;Due carreggiate;Bagnato (pioggia);Asfaltata;Verticale ed orizzontale;Nuvoloso;Scarso;Buona;Ore Diurne;0;0;0;2;;;-1;2;Autovettura privata;In marcia / fermata / arresto;Conducente;F;Illeso;0;;Utilizzato;Inesistente
1783725;7;06/12/2008 10:30;Strada Urbana;VIA DELLE PALME;in corrispondenza;;del civico n. ;54;;Investimento di pedone;Rettilineo;Una carreggiata a senso unico di marcia;Asciutto;Asfaltata;Assente;Sereno;Scarso;Buona;Ore Diurne;1;0;0;1;;;-1;;;;Pedone;F;Rimandato;0;NON DECEDUTO;;
1783725;7;06/12/2008 10:30;Strada Urbana;VIA DELLE PALME;in corrispondenza;;del civico n. ;54;;Investimento di pedone;Rettilineo;Una carreggiata a senso unico di marcia;Asciutto;Asfaltata;Assente;Sereno;Scarso;Buona;Ore Diurne;1;0;0;1;;;-1;1;Autovettura privata;In marcia / fermata / arresto;Conducente;M;Illeso;0;;Non accertato;Inesploso
1783726;7;06/12/2008 11:50;Strada Urbana;VIA DELLE ROBINIE;all'intersezione con;PIAZZA DELLE CONIFERE;PIAZZA DELLE CONIFERE;;;Scontro frontale/laterale SX fra veicoli in marcia;Incrocio;Più di due carreggiate;Asciutto;Asfaltata;Verticale ed orizzontale;Sereno;Normale;Buona;Ore Diurne;0;0;0;2;;;-1;1;Autovettura privata;In marcia / fermata / arresto;Conducente;F;Illeso;0;;Non accertato;Inesploso
1783726;7;06/12/2008 11:50;Strada Urbana;VIA DELLE ROBINIE;all'intersezione con;PIAZZA DELLE CONIFERE;PIAZZA DELLE CONIFERE;;;Scontro frontale/laterale SX fra veicoli in marcia;Incrocio;Più di due carreggiate;Asciutto;Asfaltata;Verticale ed orizzontale;Sereno;Normale;Buona;Ore Diurne;0;0;0;2;;;-1;2;Autovettura privata;In marcia / fermata / arresto;Conducente;M;Illeso;0;;Non accertato;Inesploso
1783727;7;06/12/2008 12:40;Strada Urbana;VIA FEDERICO DELPINO;all'intersezione con;PIAZZA TEOFRASTO;PIAZZA TEOFRASTO;;;Scontro laterale fra veicoli in marcia;Incrocio;Due carreggiate;Asciutto;Asfaltata;Verticale ed orizzontale;Sereno;Normale;Buona;Ore Diurne;0;0;0;2;;;-1;1;Autocarro superiore 35 q.;In marcia / fermata / arresto;Conducente;M;Illeso;0;;Non accertato;Inesploso
1783727;7;06/12/2008 12:40;Strada Urbana;VIA FEDERICO DELPINO;all'intersezione con;PIAZZA TEOFRASTO;PIAZZA TEOFRASTO;;;Scontro laterale fra veicoli in marcia;Incrocio;Due carreggiate;Asciutto;Asfaltata;Verticale ed orizzontale;Sereno;Normale;Buona;Ore Diurne;0;0;0;2;;;-1;2;Autovettura privata;In marcia / fermata / arresto;Conducente;F;Illeso;0;;Non accertato;Inesploso
1783728;1;01/12/2008 23:00;Strada Urbana;VIA URBANA;all'intersezione con;VIA DI S. MARIA MAGGIORE;VIA DI S. MARIA MAGGIORE;;;Veicolo in marcia contro ostacolo accidentale;Intersezione non regolata/non segnalata;Una carreggiata a senso unico di marcia;Viscido da liquidi oleosi;Acciotolata;Verticale;Pioggia in atto;Scarso;Buona;Sufficiente;0;0;0;1;;;-1;1;Motociclo con passeggero;In marcia / fermata / arresto;Conducente;M;Illeso;0;;Non accertato;Inesistente
1783729;1;05/12/2008 12:45;Strada Urbana;VIA EMANUELE FILIBERTO;in prossimità;;del civico n. ;253;;Infortunio per caduta del veicolo;Curva a visuale libera;Una carreggiata a doppio senso;Bagnato (pioggia);Asfaltata;Verticale ed orizzontale;Nuvoloso;Normale;Buona;Ore Diurne;1;0;0;0;;;-1;1;Motociclo a solo;In marcia / fermata / arresto;Conducente;F;Rifiuta cure immediate;0;NON DECEDUTO;Utilizzato;Inesistente
1783730;1;07/12/2008 00:30;Strada Urbana;VIA LABICANA;in prossimità;;del palo luce n. ;36;;Ribaltamento senza urto contro ostacolo fisso;Rettilineo;Una carreggiata a doppio senso;Bagnato (umidità in atto);Asfaltata;Orizzontale;Nuvoloso;Scarso;Buona;Sufficiente;2;0;0;0;;;-1;1;Motociclo a solo;In marcia / fermata / arresto;Conducente;M;Ricoverato;0;NON DECEDUTO;Non accertato;Inesistente
1783730;1;07/12/2008 00:30;Strada Urbana;VIA LABICANA;in prossimità;;del palo luce n. ;36;;Ribaltamento senza urto contro ostacolo fisso;Rettilineo;Una carreggiata a doppio senso;Bagnato (umidità in atto);Asfaltata;Orizzontale;Nuvoloso;Scarso;Buona;Sufficiente;2;0;0;0;;;-1;1;Motociclo a solo;In marcia / fermata / arresto;Passeggero;M;Ricoverato;0;NON DECEDUTO;Non accertato;Inesistente
1783731;1;07/12/2008 04:20;Strada Urbana;VIA DELL'AMBA ARADAM;in prossimità;;del civico n. ;18;;Veicolo in marcia contro ostacolo fisso;Rettilineo;Una carreggiata a doppio senso;Bagnato (umidità in atto);Asfaltata;Verticale ed orizzontale;Nuvoloso;Scarso;Sufficiente;Sufficiente;1;0;0;0;;;-1;1;Autovettura privata;In marcia / fermata / arresto;Conducente;M;Rimandato;0;NON DECEDUTO;Non accertato;Inesistente
1783732;16;02/12/2008 17:20;Strada Urbana;VIA AURELIA ANTICA;da specificare;;;;in prossimità del civ.111 (arco);Scontro laterale fra veicoli in marcia;Curva senza visuale libera;Una carreggiata a doppio senso;Bagnato (pioggia);Asfaltata;Verticale ed orizzontale;Pioggia in atto;Normale;Sufficiente;Sufficiente;0;0;0;2;;;-1;1;Autovettura privata;In marcia / fermata / arresto;Conducente;M;Illeso;0;;Non accertato;Inesistente
1783732;16;02/12/2008 17:20;Strada Urbana;VIA AURELIA ANTICA;da specificare;;;;in prossimità del civ.111 (arco);Scontro laterale fra veicoli in marcia;Curva senza visuale libera;Una carreggiata a doppio senso;Bagnato (pioggia);Asfaltata;Verticale ed orizzontale;Pioggia in atto;Normale;Sufficiente;Sufficiente;0;0;0;2;;;-1;2;Autovettura privata;In marcia / fermata / arresto;Conducente;M;Illeso;0;;Non accertato;Inesistente